Entity,Code,Year,Renewables (% equivalent primary energy)
Africa,,2002,7.671944
Africa,,2003,7.105203
Africa,,2004,6.980063
Africa,,2005,7.0285006
Africa,,2006,7.1611776
Africa,,2007,7.0572457
Africa,,2008,6.761787
Africa,,2009,6.810709
Africa,,2010,7.1290402
Africa,,2011,7.2594023
Africa,,2012,6.9972486
Africa,,2013,7.189637
Africa,,2014,7.5156765
Africa,,2015,7.527505
Africa,,2016,7.404274
Africa,,2017,7.6419463
Africa,,2018,8.005552
Africa,,2019,8.356321
Africa,,2020,9.415897
Africa,,2021,9.152215
Africa,,2022,9.298186
Africa,,2023,9.826173
Africa (EI),,2002,7.671944
Africa (EI),,2003,7.105202
Africa (EI),,2004,6.980063
Africa (EI),,2005,7.0285006
Africa (EI),,2006,7.161177
Africa (EI),,2007,7.0572457
Africa (EI),,2008,6.761787
Africa (EI),,2009,6.8107085
Africa (EI),,2010,7.12904
Africa (EI),,2011,7.2594023
Africa (EI),,2012,6.9972486
Africa (EI),,2013,7.189637
Africa (EI),,2014,7.5156765
Africa (EI),,2015,7.527505
Africa (EI),,2016,7.404273
Africa (EI),,2017,7.6419473
Africa (EI),,2018,8.005553
Africa (EI),,2019,8.356321
Africa (EI),,2020,9.415897
Africa (EI),,2021,9.152214
Africa (EI),,2022,9.298185
Africa (EI),,2023,9.826172
Algeria,DZA,2002,0.05167676
Algeria,DZA,2003,0.228104
Algeria,DZA,2004,0.2067869
Algeria,DZA,2005,0.43411884
Algeria,DZA,2006,0.16327195
Algeria,DZA,2007,0.15990457
Algeria,DZA,2008,0.1877543
Algeria,DZA,2009,0.21278548
Algeria,DZA,2010,0.11513415
Algeria,DZA,2011,0.23525994
Algeria,DZA,2012,0.22453195
Algeria,DZA,2013,0.06476319
Algeria,DZA,2014,0.11750259
Algeria,DZA,2015,0.09681336
Algeria,DZA,2016,0.14580713
Algeria,DZA,2017,0.24701828
Algeria,DZA,2018,0.28842947
Algeria,DZA,2019,0.29497427
Algeria,DZA,2020,0.30043116
Algeria,DZA,2021,0.25285673
Algeria,DZA,2022,0.24182516
Algeria,DZA,2023,0.27036947
Argentina,ARG,2002,16.247978
Argentina,ARG,2003,14.40661
Argentina,ARG,2004,12.185576
Argentina,ARG,2005,12.790038
Argentina,ARG,2006,13.449896
Argentina,ARG,2007,10.613073
Argentina,ARG,2008,10.447249
Argentina,ARG,2009,11.797741
Argentina,ARG,2010,11.650168
Argentina,ARG,2011,10.914268
Argentina,ARG,2012,10.176803
Argentina,ARG,2013,10.940409
Argentina,ARG,2014,11.038969
Argentina,ARG,2015,10.89336
Argentina,ARG,2016,10.17179
Argentina,ARG,2017,10.979133
Argentina,ARG,2018,11.331651
Argentina,ARG,2019,11.911147
Argentina,ARG,2020,12.310073
Argentina,ARG,2021,11.335143
Argentina,ARG,2022,12.188763
Argentina,ARG,2023,14.102216
Asia,,2002,4.9854317
Asia,,2003,4.7931614
Asia,,2004,5.0985446
Asia,,2005,4.9199796
Asia,,2006,5.117429
Asia,,2007,5.0853057
Asia,,2008,5.605236
Asia,,2009,5.458485
Asia,,2010,5.9468226
Asia,,2011,5.8778787
Asia,,2012,6.4778247
Asia,,2013,6.987413
Asia,,2014,7.551866
Asia,,2015,7.908183
Asia,,2016,8.438702
Asia,,2017,8.845372
Asia,,2018,9.349624
Asia,,2019,10.002659
Asia,,2020,10.741154
Asia,,2021,11.2254095
Asia,,2022,11.969987
Asia,,2023,12.191386
Asia Pacific (EI),,2002,5.444792
Asia Pacific (EI),,2003,5.1578827
Asia Pacific (EI),,2004,5.4758544
Asia Pacific (EI),,2005,5.311402
Asia Pacific (EI),,2006,5.527023
Asia Pacific (EI),,2007,5.5560207
Asia Pacific (EI),,2008,6.319537
Asia Pacific (EI),,2009,6.151837
Asia Pacific (EI),,2010,6.621047
Asia Pacific (EI),,2011,6.5951953
Asia Pacific (EI),,2012,7.2704225
Asia Pacific (EI),,2013,7.8684993
Asia Pacific (EI),,2014,8.64824
Asia Pacific (EI),,2015,8.979429
Asia Pacific (EI),,2016,9.625652
Asia Pacific (EI),,2017,10.076119
Asia Pacific (EI),,2018,10.659423
Asia Pacific (EI),,2019,11.170016
Asia Pacific (EI),,2020,12.109914
Asia Pacific (EI),,2021,12.769394
Asia Pacific (EI),,2022,13.636534
Asia Pacific (EI),,2023,13.810033
Australia,AUS,2002,3.9314501
Australia,AUS,2003,4.0149684
Australia,AUS,2004,4.03656
Australia,AUS,2005,4.313553
Australia,AUS,2006,4.233413
Australia,AUS,2007,3.9767237
Australia,AUS,2008,3.681326
Australia,AUS,2009,3.9202657
Australia,AUS,2010,4.312805
Australia,AUS,2011,5.688442
Australia,AUS,2012,5.688193
Australia,AUS,2013,6.5121694
Australia,AUS,2014,5.9665823
Australia,AUS,2015,6.2833033
Australia,AUS,2016,7.1866975
Australia,AUS,2017,6.744328
Australia,AUS,2018,8.280843
Australia,AUS,2019,8.875714
Australia,AUS,2020,10.848229
Australia,AUS,2021,12.923943
Australia,AUS,2022,13.918374
Australia,AUS,2023,14.982515
Austria,AUT,2002,30.20616
Austria,AUT,2003,25.237972
Austria,AUT,2004,27.274899
Austria,AUT,2005,27.495369
Austria,AUT,2006,28.128284
Austria,AUT,2007,30.249714
Austria,AUT,2008,30.77213
Austria,AUT,2009,33.781616
Austria,AUT,2010,31.314478
Austria,AUT,2011,30.305704
Austria,AUT,2012,35.76177
Austria,AUT,2013,35.3089
Austria,AUT,2014,36.303062
Austria,AUT,2015,34.274372
Austria,AUT,2016,35.3048
Austria,AUT,2017,34.455837
Austria,AUT,2018,34.361984
Austria,AUT,2019,35.472965
Austria,AUT,2020,38.188835
Austria,AUT,2021,35.835052
Austria,AUT,2022,36.06654
Austria,AUT,2023,40.080193
Azerbaijan,AZE,2002,4.6939816
Azerbaijan,AZE,2003,5.2657747
Azerbaijan,AZE,2004,5.1585817
Azerbaijan,AZE,2005,5.165004
Azerbaijan,AZE,2006,4.3662996
Azerbaijan,AZE,2007,4.4247346
Azerbaijan,AZE,2008,4.149183
Azerbaijan,AZE,2009,4.9570913
Azerbaijan,AZE,2010,7.448546
Azerbaijan,AZE,2011,5.0649414
Azerbaijan,AZE,2012,3.326695
Azerbaijan,AZE,2013,2.7732372
Azerbaijan,AZE,2014,2.4248233
Azerbaijan,AZE,2015,2.7496912
Azerbaijan,AZE,2016,3.3369164
Azerbaijan,AZE,2017,3.0411427
Azerbaijan,AZE,2018,2.985358
Azerbaijan,AZE,2019,2.599264
Azerbaijan,AZE,2020,1.8952277
Azerbaijan,AZE,2021,2.0421484
Azerbaijan,AZE,2022,2.3129582
Azerbaijan,AZE,2023,2.3216856
Bangladesh,BGD,2002,1.4013306
Bangladesh,BGD,2003,1.3186479
Bangladesh,BGD,2004,1.2339083
Bangladesh,BGD,2005,1.1331257
Bangladesh,BGD,2006,1.0455985
Bangladesh,BGD,2007,1.0152338
Bangladesh,BGD,2008,1.2211707
Bangladesh,BGD,2009,0.50959486
Bangladesh,BGD,2010,0.86148775
Bangladesh,BGD,2011,1.0177838
Bangladesh,BGD,2012,0.8733193
Bangladesh,BGD,2013,0.826586
Bangladesh,BGD,2014,0.6849754
Bangladesh,BGD,2015,0.82069933
Bangladesh,BGD,2016,0.7713848
Bangladesh,BGD,2017,0.879046
Bangladesh,BGD,2018,0.7318307
Bangladesh,BGD,2019,0.6592997
Bangladesh,BGD,2020,0.6715829
Bangladesh,BGD,2021,0.6931649
Bangladesh,BGD,2022,0.8309142
Bangladesh,BGD,2023,1.0080312
Belarus,BLR,2002,0.033003505
Belarus,BLR,2003,0.031900514
Belarus,BLR,2004,0.03438375
Belarus,BLR,2005,0.03729108
Belarus,BLR,2006,0.036019433
Belarus,BLR,2007,0.049702015
Belarus,BLR,2008,0.10045313
Belarus,BLR,2009,0.19693999
Belarus,BLR,2010,0.25681725
Belarus,BLR,2011,0.24902162
Belarus,BLR,2012,0.26328462
Belarus,BLR,2013,0.31542054
Belarus,BLR,2014,0.30440024
Belarus,BLR,2015,0.35748994
Belarus,BLR,2016,0.42184716
Belarus,BLR,2017,0.76281804
Belarus,BLR,2018,0.6260032
Belarus,BLR,2019,0.76110655
Belarus,BLR,2020,0.9905478
Belarus,BLR,2021,1.1767173
Belarus,BLR,2022,1.2321929
Belarus,BLR,2023,1.0955961
Belgium,BEL,2002,0.47973493
Belgium,BEL,2003,0.48671448
Belgium,BEL,2004,0.606298
Belgium,BEL,2005,0.8666806
Belgium,BEL,2006,1.2095445
Belgium,BEL,2007,1.4152513
Belgium,BEL,2008,1.7643934
Belgium,BEL,2009,2.5553334
Belgium,BEL,2010,3.1909645
Belgium,BEL,2011,4.0780997
Belgium,BEL,2012,5.1477056
Belgium,BEL,2013,5.4598446
Belgium,BEL,2014,6.152073
Belgium,BEL,2015,6.7979774
Belgium,BEL,2016,6.4830685
Belgium,BEL,2017,7.0611453
Belgium,BEL,2018,7.538291
Belgium,BEL,2019,8.078669
Belgium,BEL,2020,10.863382
Belgium,BEL,2021,9.544263
Belgium,BEL,2022,10.829778
Belgium,BEL,2023,12.525129
Brazil,BRA,2002,40.180744
Brazil,BRA,2003,41.64891
Brazil,BRA,2004,41.635994
Brazil,BRA,2005,42.51229
Brazil,BRA,2006,42.397827
Brazil,BRA,2007,43.479145
Brazil,BRA,2008,42.63199
Brazil,BRA,2009,45.54154
Brazil,BRA,2010,43.85847
Brazil,BRA,2011,43.93462
Brazil,BRA,2012,41.70022
Brazil,BRA,2013,39.92749
Brazil,BRA,2014,38.842846
Brazil,BRA,2015,40.033836
Brazil,BRA,2016,42.97847
Brazil,BRA,2017,42.650604
Brazil,BRA,2018,45.428116
Brazil,BRA,2019,46.808254
Brazil,BRA,2020,48.693333
Brazil,BRA,2021,44.914055
Brazil,BRA,2022,48.832825
Brazil,BRA,2023,50.33141
Bulgaria,BGR,2002,2.835246
Bulgaria,BGR,2003,3.8543482
Bulgaria,BGR,2004,4.1520047
Bulgaria,BGR,2005,5.2177896
Bulgaria,BGR,2006,5.0039926
Bulgaria,BGR,2007,3.4964986
Bulgaria,BGR,2008,3.587999
Bulgaria,BGR,2009,5.116166
Bulgaria,BGR,2010,7.6581745
Bulgaria,BGR,2011,4.874571
Bulgaria,BGR,2012,7.2071776
Bulgaria,BGR,2013,10.177441
Bulgaria,BGR,2014,10.104898
Bulgaria,BGR,2015,11.299108
Bulgaria,BGR,2016,9.809312
Bulgaria,BGR,2017,8.443123
Bulgaria,BGR,2018,12.588994
Bulgaria,BGR,2019,10.773653
Bulgaria,BGR,2020,11.53778
Bulgaria,BGR,2021,13.715241
Bulgaria,BGR,2022,12.46647
Bulgaria,BGR,2023,15.011163
CIS (EI),,2002,6.726423
CIS (EI),,2003,6.5020857
CIS (EI),,2004,6.96067
CIS (EI),,2005,6.834573
CIS (EI),,2006,6.5009446
CIS (EI),,2007,6.54115
CIS (EI),,2008,5.927416
CIS (EI),,2009,6.476286
CIS (EI),,2010,6.148452
CIS (EI),,2011,5.7518673
CIS (EI),,2012,5.6355886
CIS (EI),,2013,6.136221
CIS (EI),,2014,5.8258805
CIS (EI),,2015,5.7997904
CIS (EI),,2016,6.1718044
CIS (EI),,2017,6.201837
CIS (EI),,2018,6.0326085
CIS (EI),,2019,6.18401
CIS (EI),,2020,6.7746105
CIS (EI),,2021,6.639371
CIS (EI),,2022,6.1175213
CIS (EI),,2023,6.232207
Canada,CAN,2002,28.546556
Canada,CAN,2003,27.180016
Canada,CAN,2004,26.827923
Canada,CAN,2005,28.265472
Canada,CAN,2006,27.618176
Canada,CAN,2007,27.695152
Canada,CAN,2008,28.591097
Canada,CAN,2009,29.210728
Canada,CAN,2010,27.808294
Canada,CAN,2011,28.648472
Canada,CAN,2012,29.00381
Canada,CAN,2013,28.980621
Canada,CAN,2014,28.198492
Canada,CAN,2015,28.918821
Canada,CAN,2016,29.662228
Canada,CAN,2017,29.78379
Canada,CAN,2018,28.792355
Canada,CAN,2019,28.550873
Canada,CAN,2020,30.752234
Canada,CAN,2021,30.284687
Canada,CAN,2022,30.560762
Canada,CAN,2023,29.263187
Central America (EI),,2002,23.148567
Central America (EI),,2003,23.086876
Central America (EI),,2004,23.529451
Central America (EI),,2005,24.86708
Central America (EI),,2006,24.72052
Central America (EI),,2007,24.016212
Central America (EI),,2008,25.384161
Central America (EI),,2009,25.172054
Central America (EI),,2010,27.074661
Central America (EI),,2011,26.338593
Central America (EI),,2012,27.493683
Central America (EI),,2013,27.202362
Central America (EI),,2014,27.154976
Central America (EI),,2015,26.713547
Central America (EI),,2016,26.798523
Central America (EI),,2017,28.610437
Central America (EI),,2018,29.266819
Central America (EI),,2019,25.451958
Central America (EI),,2020,32.487274
Central America (EI),,2021,31.537489
Central America (EI),,2022,30.899012
Central America (EI),,2023,26.829386
Chile,CHL,2002,22.87545
Chile,CHL,2003,22.010805
Chile,CHL,2004,19.43779
Chile,CHL,2005,22.099463
Chile,CHL,2006,22.957874
Chile,CHL,2007,19.440195
Chile,CHL,2008,21.59478
Chile,CHL,2009,22.96064
Chile,CHL,2010,19.835663
Chile,CHL,2011,18.481121
Chile,CHL,2012,18.747072
Chile,CHL,2013,18.79665
Chile,CHL,2014,20.39204
Chile,CHL,2015,21.905157
Chile,CHL,2016,20.180143
Chile,CHL,2017,22.318325
Chile,CHL,2018,24.333767
Chile,CHL,2019,23.463417
Chile,CHL,2020,25.859335
Chile,CHL,2021,24.355661
Chile,CHL,2022,27.08363
Chile,CHL,2023,30.532255
China,CHN,2002,6.2804885
China,CHN,2003,5.30111
China,CHN,2004,5.60094
China,CHN,2005,5.5544806
China,CHN,2006,5.577841
China,CHN,2007,5.7195926
China,CHN,2008,7.2738767
China,CHN,2009,6.9355316
China,CHN,2010,7.6156235
China,CHN,2011,7.083536
China,CHN,2012,8.521457
China,CHN,2013,8.958172
China,CHN,2014,10.227447
China,CHN,2015,10.835855
China,CHN,2016,11.725009
China,CHN,2017,12.291223
China,CHN,2018,12.862764
China,CHN,2019,13.459068
China,CHN,2020,14.080283
China,CHN,2021,14.896213
China,CHN,2022,15.9457655
China,CHN,2023,16.164698
Colombia,COL,2002,31.78181
Colombia,COL,2003,32.990623
Colombia,COL,2004,33.021286
Colombia,COL,2005,34.17347
Colombia,COL,2006,32.25097
Colombia,COL,2007,32.76647
Colombia,COL,2008,32.606388
Colombia,COL,2009,29.99507
Colombia,COL,2010,28.606323
Colombia,COL,2011,32.644135
Colombia,COL,2012,30.217394
Colombia,COL,2013,27.414104
Colombia,COL,2014,26.4035
Colombia,COL,2015,27.78511
Colombia,COL,2016,25.639427
Colombia,COL,2017,30.291828
Colombia,COL,2018,29.727283
Colombia,COL,2019,28.663414
Colombia,COL,2020,29.010368
Colombia,COL,2021,30.987612
Colombia,COL,2022,30.924702
Colombia,COL,2023,28.916952
Croatia,HRV,2002,16.806644
Croatia,HRV,2003,14.887468
Croatia,HRV,2004,19.898252
Croatia,HRV,2005,18.501064
Croatia,HRV,2006,17.52409
Croatia,HRV,2007,12.393234
Croatia,HRV,2008,15.262363
Croatia,HRV,2009,19.716614
Croatia,HRV,2010,23.851255
Croatia,HRV,2011,15.510488
Croatia,HRV,2012,16.895237
Croatia,HRV,2013,26.756195
Croatia,HRV,2014,28.475935
Croatia,HRV,2015,22.67194
Croatia,HRV,2016,23.881334
Croatia,HRV,2017,20.280275
Croatia,HRV,2018,27.056107
Croatia,HRV,2019,24.222437
Croatia,HRV,2020,26.004786
Croatia,HRV,2021,29.736883
Croatia,HRV,2022,26.013306
Croatia,HRV,2023,31.566439
Czechia,CZE,2002,1.9760944
Czechia,CZE,2003,1.2228435
Czechia,CZE,2004,1.6074102
Czechia,CZE,2005,1.778649
Czechia,CZE,2006,1.9904531
Czechia,CZE,2007,1.9663903
Czechia,CZE,2008,2.3974464
Czechia,CZE,2009,3.2484796
Czechia,CZE,2010,3.8938859
Czechia,CZE,2011,4.9096026
Czechia,CZE,2012,5.3718815
Czechia,CZE,2013,6.2181935
Czechia,CZE,2014,6.416
Czechia,CZE,2015,6.6330338
Czechia,CZE,2016,6.700512
Czechia,CZE,2017,6.499982
Czechia,CZE,2018,6.3605146
Czechia,CZE,2019,6.9432154
Czechia,CZE,2020,7.7524385
Czechia,CZE,2021,7.481806
Czechia,CZE,2022,7.5352736
Czechia,CZE,2023,7.9845033
Denmark,DNK,2002,8.58695
Denmark,DNK,2003,9.462797
Denmark,DNK,2004,11.729119
Denmark,DNK,2005,12.474308
Denmark,DNK,2006,10.684707
Denmark,DNK,2007,12.466456
Denmark,DNK,2008,12.62092
Denmark,DNK,2009,13.378912
Denmark,DNK,2010,15.567867
Denmark,DNK,2011,19.240635
Denmark,DNK,2012,22.003109
Denmark,DNK,2013,22.68556
Denmark,DNK,2014,26.237986
Denmark,DNK,2015,28.001373
Denmark,DNK,2016,26.942242
Denmark,DNK,2017,31.503704
Denmark,DNK,2018,30.349339
Denmark,DNK,2019,34.10149
Denmark,DNK,2020,38.468384
Denmark,DNK,2021,40.294327
Denmark,DNK,2022,41.246773
Denmark,DNK,2023,42.73486
Eastern Africa (EI),,2002,36.872013
Eastern Africa (EI),,2003,37.073505
Eastern Africa (EI),,2004,35.337154
Eastern Africa (EI),,2005,34.61746
Eastern Africa (EI),,2006,35.051228
Eastern Africa (EI),,2007,35.827385
Eastern Africa (EI),,2008,35.572136
Eastern Africa (EI),,2009,35.093765
Eastern Africa (EI),,2010,36.05676
Eastern Africa (EI),,2011,35.505165
Eastern Africa (EI),,2012,35.382156
Eastern Africa (EI),,2013,34.559357
Eastern Africa (EI),,2014,33.97153
Eastern Africa (EI),,2015,33.06849
Eastern Africa (EI),,2016,31.864393
Eastern Africa (EI),,2017,30.93794
Eastern Africa (EI),,2018,30.997192
Eastern Africa (EI),,2019,31.850922
Eastern Africa (EI),,2020,34.597538
Eastern Africa (EI),,2021,33.96028
Eastern Africa (EI),,2022,35.734524
Eastern Africa (EI),,2023,36.207233
Ecuador,ECU,2002,21.095179
Ecuador,ECU,2003,19.533443
Ecuador,ECU,2004,18.734915
Ecuador,ECU,2005,16.596605
Ecuador,ECU,2006,16.251612
Ecuador,ECU,2007,19.557274
Ecuador,ECU,2008,22.617527
Ecuador,ECU,2009,18.929247
Ecuador,ECU,2010,15.955793
Ecuador,ECU,2011,19.212603
Ecuador,ECU,2012,19.8579
Ecuador,ECU,2013,17.394707
Ecuador,ECU,2014,17.304941
Ecuador,ECU,2015,19.689713
Ecuador,ECU,2016,23.698437
Ecuador,ECU,2017,28.42279
Ecuador,ECU,2018,27.421818
Ecuador,ECU,2019,31.70298
Ecuador,ECU,2020,36.008568
Ecuador,ECU,2021,32.326263
Ecuador,ECU,2022,29.61888
Ecuador,ECU,2023,28.97765
Egypt,EGY,2002,6.795775
Egypt,EGY,2003,5.9376993
Egypt,EGY,2004,5.6346426
Egypt,EGY,2005,5.385707
Egypt,EGY,2006,5.1723156
Egypt,EGY,2007,5.363156
Egypt,EGY,2008,5.4142365
Egypt,EGY,2009,4.8005958
Egypt,EGY,2010,4.4617195
Egypt,EGY,2011,4.315468
Egypt,EGY,2012,4.160286
Egypt,EGY,2013,4.15519
Egypt,EGY,2014,4.1552024
Egypt,EGY,2015,4.3093953
Egypt,EGY,2016,4.1127086
Egypt,EGY,2017,3.8524866
Egypt,EGY,2018,4.065821
Egypt,EGY,2019,5.1530914
Egypt,EGY,2020,6.528981
Egypt,EGY,2021,6.0273504
Egypt,EGY,2022,5.699291
Egypt,EGY,2023,5.891331
Estonia,EST,2002,0.18508367
Estonia,EST,2003,0.21938756
Estonia,EST,2004,0.2892184
Estonia,EST,2005,0.5010425
Estonia,EST,2006,0.6115425
Estonia,EST,2007,0.59698224
Estonia,EST,2008,0.91512406
Estonia,EST,2009,2.8205373
Estonia,EST,2010,4.5134435
Estonia,EST,2011,5.002608
Estonia,EST,2012,6.1861205
Estonia,EST,2013,4.875871
Estonia,EST,2014,5.822954
Estonia,EST,2015,6.8995023
Estonia,EST,2016,6.7311354
Estonia,EST,2017,7.1341434
Estonia,EST,2018,8.032092
Estonia,EST,2019,10.686006
Estonia,EST,2020,15.784544
Estonia,EST,2021,14.641426
Estonia,EST,2022,13.766856
Estonia,EST,2023,15.521677
Europe,,2002,7.3371096
Europe,,2003,6.9562936
Europe,,2004,7.5338774
Europe,,2005,7.7561693
Europe,,2006,7.7698765
Europe,,2007,8.289921
Europe,,2008,8.80361
Europe,,2009,9.710329
Europe,,2010,10.059635
Europe,,2011,9.995136
Europe,,2012,11.076757
Europe,,2013,12.028809
Europe,,2014,12.67384
Europe,,2015,12.96954
Europe,,2016,13.109053
Europe,,2017,13.124675
Europe,,2018,13.81298
Europe,,2019,14.295307
Europe,,2020,16.548609
Europe,,2021,16.135908
Europe,,2022,16.2684
Europe,,2023,17.93483
Europe (EI),,2002,7.809761
Europe (EI),,2003,7.4475923
Europe (EI),,2004,8.084247
Europe (EI),,2005,8.323017
Europe (EI),,2006,8.464119
Europe (EI),,2007,8.999441
Europe (EI),,2008,9.79342
Europe (EI),,2009,10.798523
Europe (EI),,2010,11.593283
Europe (EI),,2011,11.693879
Europe (EI),,2012,13.175122
Europe (EI),,2013,14.231327
Europe (EI),,2014,15.035287
Europe (EI),,2015,15.659062
Europe (EI),,2016,15.739219
Europe (EI),,2017,15.650659
Europe (EI),,2018,16.778387
Europe (EI),,2019,17.715916
Europe (EI),,2020,20.413229
Europe (EI),,2021,19.652033
Europe (EI),,2022,20.580557
Europe (EI),,2023,22.908133
European Union (27),,2002,6.428977
European Union (27),,2003,6.3766956
European Union (27),,2004,6.9578433
European Union (27),,2005,7.0119987
European Union (27),,2006,7.4173956
European Union (27),,2007,8.061179
European Union (27),,2008,8.88151
European Union (27),,2009,10.01176
European Union (27),,2010,10.9342785
European Union (27),,2011,11.132651
European Union (27),,2012,12.634669
European Union (27),,2013,13.756946
European Union (27),,2014,14.728896
European Union (27),,2015,14.81274
European Union (27),,2016,14.835741
European Union (27),,2017,14.658075
European Union (27),,2018,15.746119
European Union (27),,2019,16.488768
European Union (27),,2020,19.269278
European Union (27),,2021,18.583244
European Union (27),,2022,19.390974
European Union (27),,2023,21.983131
Finland,FIN,2002,16.364536
Finland,FIN,2003,14.705513
Finland,FIN,2004,19.619965
Finland,FIN,2005,19.669651
Finland,FIN,2006,17.648571
Finland,FIN,2007,18.949663
Finland,FIN,2008,22.497007
Finland,FIN,2009,19.203804
Finland,FIN,2010,19.707203
Finland,FIN,2011,21.06651
Finland,FIN,2012,25.105116
Finland,FIN,2013,22.765919
Finland,FIN,2014,24.830048
Finland,FIN,2015,28.261705
Finland,FIN,2016,26.694275
Finland,FIN,2017,28.758484
Finland,FIN,2018,28.735558
Finland,FIN,2019,29.32629
Finland,FIN,2020,33.45363
Finland,FIN,2021,35.85605
Finland,FIN,2022,35.68258
Finland,FIN,2023,35.936253
France,FRA,2002,6.1641173
France,FRA,2003,5.9472837
France,FRA,2004,5.953116
France,FRA,2005,5.362479
France,FRA,2006,5.9662986
France,FRA,2007,6.631294
France,FRA,2008,7.6250157
France,FRA,2009,7.709266
France,FRA,2010,8.210716
France,FRA,2011,7.181137
France,FRA,2012,9.037564
France,FRA,2013,10.23553
France,FRA,2014,10.241491
France,FRA,2015,9.901025
France,FRA,2016,10.735397
France,FRA,2017,10.140911
France,FRA,2018,11.915838
France,FRA,2019,12.15705
France,FRA,2020,14.716146
France,FRA,2021,13.6294365
France,FRA,2022,14.591658
France,FRA,2023,16.940176
Germany,DEU,2002,3.5386324
Germany,DEU,2003,3.6419902
Germany,DEU,2004,4.516598
Germany,DEU,2005,5.208511
Germany,DEU,2006,6.0263686
Germany,DEU,2007,7.6538005
Germany,DEU,2008,7.817749
Germany,DEU,2009,8.454232
Germany,DEU,2010,8.792499
Germany,DEU,2011,10.566928
Germany,DEU,2012,11.899734
Germany,DEU,2013,12.063284
Germany,DEU,2014,13.335284
Germany,DEU,2015,14.878483
Germany,DEU,2016,14.665688
Germany,DEU,2017,16.26483
Germany,DEU,2018,17.168362
Germany,DEU,2019,18.82998
Germany,DEU,2020,21.123863
Germany,DEU,2021,19.06692
Germany,DEU,2022,21.36138
Germany,DEU,2023,24.394201
Greece,GRC,2002,2.7831924
Greece,GRC,2003,4.2976427
Greece,GRC,2004,4.2918515
Greece,GRC,2005,4.6005774
Greece,GRC,2006,5.44987
Greece,GRC,2007,3.3446171
Greece,GRC,2008,4.1339064
Greece,GRC,2009,5.996017
Greece,GRC,2010,8.131609
Greece,GRC,2011,6.3986807
Greece,GRC,2012,8.401619
Greece,GRC,2013,12.436178
Greece,GRC,2014,11.320253
Greece,GRC,2015,13.459677
Greece,GRC,2016,13.661964
Greece,GRC,2017,12.052897
Greece,GRC,2018,13.840273
Greece,GRC,2019,14.172345
Greece,GRC,2020,17.601542
Greece,GRC,2021,20.09628
Greece,GRC,2022,19.641994
Greece,GRC,2023,21.644836
High-income countries,,2002,6.503956
High-income countries,,2003,6.3968673
High-income countries,,2004,6.477866
High-income countries,,2005,6.6504536
High-income countries,,2006,6.873674
High-income countries,,2007,6.9591255
High-income countries,,2008,7.503597
High-income countries,,2009,8.12959
High-income countries,,2010,8.230053
High-income countries,,2011,8.814391
High-income countries,,2012,9.305454
High-income countries,,2013,9.713838
High-income countries,,2014,10.04599
High-income countries,,2015,10.338411
High-income countries,,2016,10.696274
High-income countries,,2017,11.089102
High-income countries,,2018,11.4034605
High-income countries,,2019,11.810546
High-income countries,,2020,13.4801
High-income countries,,2021,13.285158
High-income countries,,2022,13.837145
High-income countries,,2023,14.677729
Hong Kong,HKG,2008,0.00080172904
Hong Kong,HKG,2009,0.0009937222
Hong Kong,HKG,2010,0.05381598
Hong Kong,HKG,2011,0.13770953
Hong Kong,HKG,2012,0.061687157
Hong Kong,HKG,2013,0.1611944
Hong Kong,HKG,2014,0.15181382
Hong Kong,HKG,2015,0.20598702
Hong Kong,HKG,2016,0.20709695
Hong Kong,HKG,2017,0.2106131
Hong Kong,HKG,2018,0.24167377
Hong Kong,HKG,2019,0.25547945
Hong Kong,HKG,2020,0.4387561
Hong Kong,HKG,2021,0.6320362
Hong Kong,HKG,2022,0.9528749
Hong Kong,HKG,2023,0.9380849
Hungary,HUN,2002,0.25034344
Hungary,HUN,2003,0.35918176
Hungary,HUN,2004,1.0114594
Hungary,HUN,2005,1.9246767
Hungary,HUN,2006,1.5934231
Hungary,HUN,2007,2.089157
Hungary,HUN,2008,3.1521368
Hungary,HUN,2009,4.0226183
Hungary,HUN,2010,4.081326
Hungary,HUN,2011,3.75528
Hungary,HUN,2012,3.8991413
Hungary,HUN,2013,4.2139344
Hungary,HUN,2014,4.9268494
Hungary,HUN,2015,4.698194
Hungary,HUN,2016,4.6759534
Hungary,HUN,2017,4.5672145
Hungary,HUN,2018,4.958271
Hungary,HUN,2019,5.7964964
Hungary,HUN,2020,7.0143948
Hungary,HUN,2021,7.9829783
Hungary,HUN,2022,9.2652645
Hungary,HUN,2023,10.97823
Iceland,ISL,2007,74.30169
India,IND,2002,5.529273
India,IND,2003,5.445053
India,IND,2004,7.278265
India,IND,2005,6.731385
India,IND,2006,7.539817
India,IND,2007,7.681195
India,IND,2008,7.093329
India,IND,2009,6.352798
India,IND,2010,6.450954
India,IND,2011,7.426478
India,IND,2012,6.692072
India,IND,2013,7.3276463
India,IND,2014,7.3362403
India,IND,2015,7.1391196
India,IND,2016,6.973517
India,IND,2017,7.4859
India,IND,2018,7.9542136
India,IND,2019,8.904294
India,IND,2020,9.739235
India,IND,2021,9.488208
India,IND,2022,10.273168
India,IND,2023,9.676426
Indonesia,IDN,2002,3.6303015
Indonesia,IDN,2003,3.1624913
Indonesia,IDN,2004,3.3661623
Indonesia,IDN,2005,3.4541986
Indonesia,IDN,2006,3.1702235
Indonesia,IDN,2007,3.31408
Indonesia,IDN,2008,3.5247178
Indonesia,IDN,2009,3.6053057
Indonesia,IDN,2010,4.3475184
Indonesia,IDN,2011,3.431125
Indonesia,IDN,2012,3.5263355
Indonesia,IDN,2013,4.4679456
Indonesia,IDN,2014,4.608102
Indonesia,IDN,2015,3.9044187
Indonesia,IDN,2016,5.6316724
Indonesia,IDN,2017,5.4710994
Indonesia,IDN,2018,7.7867928
Indonesia,IDN,2019,8.279649
Indonesia,IDN,2020,10.217818
Indonesia,IDN,2021,10.79372
Indonesia,IDN,2022,9.899512
Indonesia,IDN,2023,10.446613
Iran,IRN,2002,1.4433478
Iran,IRN,2003,1.6837656
Iran,IRN,2004,1.8843321
Iran,IRN,2005,2.1426384
Iran,IRN,2006,2.500738
Iran,IRN,2007,2.2706358
Iran,IRN,2008,0.9233144
Iran,IRN,2009,0.8159316
Iran,IRN,2010,1.1913837
Iran,IRN,2011,1.1921026
Iran,IRN,2012,1.3767738
Iran,IRN,2013,1.5277675
Iran,IRN,2014,1.444072
Iran,IRN,2015,1.320366
Iran,IRN,2016,1.4484855
Iran,IRN,2017,1.5695099
Iran,IRN,2018,0.92631114
Iran,IRN,2019,2.8355055
Iran,IRN,2020,1.9334664
Iran,IRN,2021,1.2263017
Iran,IRN,2022,1.2014121
Iran,IRN,2023,1.8229214
Iraq,IRQ,2017,1.0475221
Iraq,IRQ,2018,0.98314315
Iraq,IRQ,2019,2.2004015
Ireland,IRL,2002,2.2350235
Ireland,IRL,2003,1.8804967
Ireland,IRL,2004,2.2461925
Ireland,IRL,2005,2.8786287
Ireland,IRL,2006,3.6557345
Ireland,IRL,2007,4.1544456
Ireland,IRL,2008,5.4890666
Ireland,IRL,2009,7.0551596
Ireland,IRL,2010,6.468354
Ireland,IRL,2011,9.50042
Ireland,IRL,2012,9.308356
Ireland,IRL,2013,10.137973
Ireland,IRL,2014,11.478303
Ireland,IRL,2015,13.121304
Ireland,IRL,2016,11.98258
Ireland,IRL,2017,14.191961
Ireland,IRL,2018,15.6791315
Ireland,IRL,2019,18.009615
Ireland,IRL,2020,21.518867
Ireland,IRL,2021,18.387724
Ireland,IRL,2022,20.03623
Ireland,IRL,2023,22.302807
Israel,ISR,2002,0.09087086
Israel,ISR,2003,0.10240744
Israel,ISR,2004,0.09672579
Israel,ISR,2005,0.119960636
Israel,ISR,2006,0.0694792
Israel,ISR,2007,0.061499506
Israel,ISR,2008,0.070539854
Israel,ISR,2009,0.1537155
Israel,ISR,2010,0.23017603
Israel,ISR,2011,0.368569
Israel,ISR,2012,0.52630293
Israel,ISR,2013,0.6158397
Israel,ISR,2014,1.0545208
Israel,ISR,2015,1.3535545
Israel,ISR,2016,1.8459212
Israel,ISR,2017,1.8471863
Israel,ISR,2018,1.9937472
Israel,ISR,2019,3.0705597
Israel,ISR,2020,4.2514257
Israel,ISR,2021,5.162033
Israel,ISR,2022,5.6662054
Israel,ISR,2023,7.0659175
Italy,ITA,2002,6.7783756
Italy,ITA,2003,6.33908
Italy,ITA,2004,7.220356
Italy,ITA,2005,6.4335437
Italy,ITA,2006,6.729988
Italy,ITA,2007,6.431969
Italy,ITA,2008,8.19532
Italy,ITA,2009,10.585501
Italy,ITA,2010,11.430808
Italy,ITA,2011,12.443046
Italy,ITA,2012,14.165738
Italy,ITA,2013,17.610695
Italy,ITA,2014,19.739758
Italy,ITA,2015,17.510365
Italy,ITA,2016,17.231768
Italy,ITA,2017,16.370815
Italy,ITA,2018,17.727497
Italy,ITA,2019,17.864973
Italy,ITA,2020,20.03473
Italy,ITA,2021,18.57917
Italy,ITA,2022,16.526909
Italy,ITA,2023,19.27818
Japan,JPN,2002,4.7228813
Japan,JPN,2003,5.3383565
Japan,JPN,2004,5.2529583
Japan,JPN,2005,4.7229195
Japan,JPN,2006,5.2366915
Japan,JPN,2007,4.6928535
Japan,JPN,2008,4.7652874
Japan,JPN,2009,4.9600253
Japan,JPN,2010,5.649895
Japan,JPN,2011,5.6971593
Japan,JPN,2012,5.6249747
Japan,JPN,2013,6.106115
Japan,JPN,2014,6.918495
Japan,JPN,2015,8.037719
Japan,JPN,2016,7.962104
Japan,JPN,2017,8.4127655
Japan,JPN,2018,9.054853
Japan,JPN,2019,9.284181
Japan,JPN,2020,10.928532
Japan,JPN,2021,11.268134
Japan,JPN,2022,11.606308
Japan,JPN,2023,12.584244
Kazakhstan,KAZ,2002,6.120414
Kazakhstan,KAZ,2003,5.382556
Kazakhstan,KAZ,2004,4.7320495
Kazakhstan,KAZ,2005,4.457741
Kazakhstan,KAZ,2006,4.067664
Kazakhstan,KAZ,2007,3.8324938
Kazakhstan,KAZ,2008,3.2989428
Kazakhstan,KAZ,2009,3.3763013
Kazakhstan,KAZ,2010,3.642986
Kazakhstan,KAZ,2011,3.1336143
Kazakhstan,KAZ,2012,2.8702004
Kazakhstan,KAZ,2013,2.8818953
Kazakhstan,KAZ,2014,2.9155889
Kazakhstan,KAZ,2015,4.0009217
Kazakhstan,KAZ,2016,4.511002
Kazakhstan,KAZ,2017,4.0515256
Kazakhstan,KAZ,2018,3.6561053
Kazakhstan,KAZ,2019,3.662659
Kazakhstan,KAZ,2020,4.258704
Kazakhstan,KAZ,2021,4.0059314
Kazakhstan,KAZ,2022,4.228879
Kazakhstan,KAZ,2023,4.5201697
Latvia,LVA,2002,17.687971
Latvia,LVA,2003,16.751476
Latvia,LVA,2004,20.242414
Latvia,LVA,2005,20.919247
Latvia,LVA,2006,17.916225
Latvia,LVA,2007,17.48977
Latvia,LVA,2008,19.600128
Latvia,LVA,2009,22.801994
Latvia,LVA,2010,20.99727
Latvia,LVA,2011,19.912294
Latvia,LVA,2012,25.260374
Latvia,LVA,2013,22.860985
Latvia,LVA,2014,19.858122
Latvia,LVA,2015,19.562021
Latvia,LVA,2016,22.235506
Latvia,LVA,2017,30.942255
Latvia,LVA,2018,23.44276
Latvia,LVA,2019,20.844694
Latvia,LVA,2020,26.025894
Latvia,LVA,2021,25.3048
Latvia,LVA,2022,27.408604
Latvia,LVA,2023,31.915909
Lithuania,LTU,2002,1.0652573
Lithuania,LTU,2003,0.9441184
Lithuania,LTU,2004,1.2040868
Lithuania,LTU,2005,1.4377186
Lithuania,LTU,2006,1.641714
Lithuania,LTU,2007,2.2996328
Lithuania,LTU,2008,2.485153
Lithuania,LTU,2009,2.8316357
Lithuania,LTU,2010,4.697627
Lithuania,LTU,2011,5.3255224
Lithuania,LTU,2012,5.892642
Lithuania,LTU,2013,7.8772025
Lithuania,LTU,2014,8.20071
Lithuania,LTU,2015,8.635307
Lithuania,LTU,2016,9.8842945
Lithuania,LTU,2017,11.358492
Lithuania,LTU,2018,9.914701
Lithuania,LTU,2019,10.875838
Lithuania,LTU,2020,11.799221
Lithuania,LTU,2021,12.441872
Lithuania,LTU,2022,14.903523
Lithuania,LTU,2023,17.464674
Lower-middle-income countries,,2002,5.0273113
Lower-middle-income countries,,2003,5.13943
Lower-middle-income countries,,2004,5.8278856
Lower-middle-income countries,,2005,5.6232653
Lower-middle-income countries,,2006,6.076301
Lower-middle-income countries,,2007,6.0396824
Lower-middle-income countries,,2008,5.5525913
Lower-middle-income countries,,2009,5.428847
Lower-middle-income countries,,2010,5.4949455
Lower-middle-income countries,,2011,5.9887776
Lower-middle-income countries,,2012,5.543924
Lower-middle-income countries,,2013,6.3953013
Lower-middle-income countries,,2014,6.3098083
Lower-middle-income countries,,2015,6.1265774
Lower-middle-income countries,,2016,6.271738
Lower-middle-income countries,,2017,6.6737905
Lower-middle-income countries,,2018,6.717902
Lower-middle-income countries,,2019,7.3439016
Lower-middle-income countries,,2020,7.916366
Lower-middle-income countries,,2021,8.031763
Lower-middle-income countries,,2022,8.727102
Lower-middle-income countries,,2023,8.504815
Luxembourg,LUX,2002,1.0301425
Luxembourg,LUX,2003,0.91741097
Luxembourg,LUX,2004,1.1120354
Luxembourg,LUX,2005,1.1679211
Luxembourg,LUX,2006,1.3908709
Luxembourg,LUX,2007,2.5581582
Luxembourg,LUX,2008,2.6651092
Luxembourg,LUX,2009,2.6304793
Luxembourg,LUX,2010,2.5002356
Luxembourg,LUX,2011,2.5544233
Luxembourg,LUX,2012,2.9861996
Luxembourg,LUX,2013,3.662436
Luxembourg,LUX,2014,4.3592978
Luxembourg,LUX,2015,5.030449
Luxembourg,LUX,2016,5.4342875
Luxembourg,LUX,2017,6.6963987
Luxembourg,LUX,2018,7.1412535
Luxembourg,LUX,2019,7.9173098
Luxembourg,LUX,2020,10.869298
Luxembourg,LUX,2021,10.174548
Luxembourg,LUX,2022,11.169679
Luxembourg,LUX,2023,11.749724
Malaysia,MYS,2002,2.5936084
Malaysia,MYS,2003,2.2531736
Malaysia,MYS,2004,2.3196447
Malaysia,MYS,2005,2.2862406
Malaysia,MYS,2006,2.3766863
Malaysia,MYS,2007,2.1808863
Malaysia,MYS,2008,2.6779194
Malaysia,MYS,2009,2.6289935
Malaysia,MYS,2010,2.3300166
Malaysia,MYS,2011,2.8877702
Malaysia,MYS,2012,3.0349357
Malaysia,MYS,2013,3.5195735
Malaysia,MYS,2014,3.8796122
Malaysia,MYS,2015,4.0509195
Malaysia,MYS,2016,5.2360177
Malaysia,MYS,2017,6.6614723
Malaysia,MYS,2018,6.67183
Malaysia,MYS,2019,6.7743883
Malaysia,MYS,2020,7.542022
Malaysia,MYS,2021,7.909985
Malaysia,MYS,2022,7.8370423
Malaysia,MYS,2023,7.88792
Mexico,MEX,2002,5.278122
Mexico,MEX,2003,4.487341
Mexico,MEX,2004,5.093596
Mexico,MEX,2005,5.106224
Mexico,MEX,2006,5.299336
Mexico,MEX,2007,4.9202223
Mexico,MEX,2008,6.2076354
Mexico,MEX,2009,4.631896
Mexico,MEX,2010,6.1123457
Mexico,MEX,2011,5.743796
Mexico,MEX,2012,5.3235054
Mexico,MEX,2013,4.936131
Mexico,MEX,2014,6.612726
Mexico,MEX,2015,5.9951878
Mexico,MEX,2016,5.9304824
Mexico,MEX,2017,6.0061207
Mexico,MEX,2018,6.582444
Mexico,MEX,2019,6.9041133
Mexico,MEX,2020,9.102366
Mexico,MEX,2021,10.009288
Mexico,MEX,2022,9.688393
Mexico,MEX,2023,8.60977
Middle Africa (EI),,2002,33.80694
Middle Africa (EI),,2003,32.425182
Middle Africa (EI),,2004,30.940443
Middle Africa (EI),,2005,32.587154
Middle Africa (EI),,2006,32.71838
Middle Africa (EI),,2007,29.12258
Middle Africa (EI),,2008,28.306051
Middle Africa (EI),,2009,26.39718
Middle Africa (EI),,2010,24.694582
Middle Africa (EI),,2011,23.876017
Middle Africa (EI),,2012,21.236252
Middle Africa (EI),,2013,21.346634
Middle Africa (EI),,2014,21.816362
Middle Africa (EI),,2015,21.83359
Middle Africa (EI),,2016,22.616945
Middle Africa (EI),,2017,25.429016
Middle Africa (EI),,2018,27.281588
Middle Africa (EI),,2019,27.90612
Middle Africa (EI),,2020,32.45241
Middle Africa (EI),,2021,29.592714
Middle Africa (EI),,2022,28.086414
Middle Africa (EI),,2023,28.544008
Middle East (EI),,2002,0.93137574
Middle East (EI),,2003,0.97623116
Middle East (EI),,2004,1.1163352
Middle East (EI),,2005,1.0862219
Middle East (EI),,2006,1.212112
Middle East (EI),,2007,1.0915815
Middle East (EI),,2008,0.52222675
Middle East (EI),,2009,0.45713627
Middle East (EI),,2010,0.6056134
Middle East (EI),,2011,0.6146411
Middle East (EI),,2012,0.6960286
Middle East (EI),,2013,0.7398078
Middle East (EI),,2014,0.6288777
Middle East (EI),,2015,0.5339151
Middle East (EI),,2016,0.6421374
Middle East (EI),,2017,0.6750484
Middle East (EI),,2018,0.5387269
Middle East (EI),,2019,1.3730361
Middle East (EI),,2020,1.2150754
Middle East (EI),,2021,1.0413007
Middle East (EI),,2022,1.1302987
Middle East (EI),,2023,1.6017052
Morocco,MAR,2002,2.324444
Morocco,MAR,2003,3.6562476
Morocco,MAR,2004,3.472617
Morocco,MAR,2005,2.0785131
Morocco,MAR,2006,2.0145028
Morocco,MAR,2007,2.0458596
Morocco,MAR,2008,1.8940095
Morocco,MAR,2009,4.7016606
Morocco,MAR,2010,5.875152
Morocco,MAR,2011,3.6347337
Morocco,MAR,2012,3.1035633
Morocco,MAR,2013,5.0947366
Morocco,MAR,2014,4.4455295
Morocco,MAR,2015,5.377317
Morocco,MAR,2016,5.5828094
Morocco,MAR,2017,5.275795
Morocco,MAR,2018,7.0946255
Morocco,MAR,2019,7.536463
Morocco,MAR,2020,7.5576315
Morocco,MAR,2021,7.5325413
Morocco,MAR,2022,6.983913
Morocco,MAR,2023,8.444775
Netherlands,NLD,2002,1.1863465
Netherlands,NLD,2003,1.1635092
Netherlands,NLD,2004,1.5031251
Netherlands,NLD,2005,2.0780501
Netherlands,NLD,2006,2.315084
Netherlands,NLD,2007,2.4174242
Netherlands,NLD,2008,2.913216
Netherlands,NLD,2009,3.4302776
Netherlands,NLD,2010,3.1363819
Netherlands,NLD,2011,3.6624486
Netherlands,NLD,2012,3.7893713
Netherlands,NLD,2013,3.7412922
Netherlands,NLD,2014,3.7868385
Netherlands,NLD,2015,4.1951375
Netherlands,NLD,2016,4.3173294
Netherlands,NLD,2017,5.008647
Netherlands,NLD,2018,5.737525
Netherlands,NLD,2019,6.986749
Netherlands,NLD,2020,10.121376
Netherlands,NLD,2021,11.943982
Netherlands,NLD,2022,15.030195
Netherlands,NLD,2023,17.788414
New Zealand,NZL,2002,35.151485
New Zealand,NZL,2003,34.32088
New Zealand,NZL,2004,38.005898
New Zealand,NZL,2005,34.67214
New Zealand,NZL,2006,34.872375
New Zealand,NZL,2007,35.475273
New Zealand,NZL,2008,34.49207
New Zealand,NZL,2009,37.96705
New Zealand,NZL,2010,38.80251
New Zealand,NZL,2011,39.607246
New Zealand,NZL,2012,36.96346
New Zealand,NZL,2013,36.980663
New Zealand,NZL,2014,37.562542
New Zealand,NZL,2015,38.143597
New Zealand,NZL,2016,38.860992
New Zealand,NZL,2017,37.031902
New Zealand,NZL,2018,38.040825
New Zealand,NZL,2019,36.802734
New Zealand,NZL,2020,39.0924
New Zealand,NZL,2021,40.126682
New Zealand,NZL,2022,43.18354
New Zealand,NZL,2023,42.266953
Non-OECD (EI),,2002,8.203018
Non-OECD (EI),,2003,7.7574434
Non-OECD (EI),,2004,7.952403
Non-OECD (EI),,2005,7.8586354
Non-OECD (EI),,2006,7.827138
Non-OECD (EI),,2007,7.8315845
Non-OECD (EI),,2008,8.1893215
Non-OECD (EI),,2009,8.217653
Non-OECD (EI),,2010,8.459824
Non-OECD (EI),,2011,8.234482
Non-OECD (EI),,2012,8.601039
Non-OECD (EI),,2013,9.0676
Non-OECD (EI),,2014,9.470982
Non-OECD (EI),,2015,9.627703
Non-OECD (EI),,2016,10.169488
Non-OECD (EI),,2017,10.491671
Non-OECD (EI),,2018,10.964001
Non-OECD (EI),,2019,11.438447
Non-OECD (EI),,2020,12.211477
Non-OECD (EI),,2021,12.493696
Non-OECD (EI),,2022,13.161089
Non-OECD (EI),,2023,13.424347
North America,,2002,6.859761
North America,,2003,6.7941823
North America,,2004,6.709581
North America,,2005,6.967257
North America,,2006,7.259618
North America,,2007,7.052082
North America,,2008,7.7691736
North America,,2009,8.391672
North America,,2010,8.307554
North America,,2011,9.317434
North America,,2012,9.3909235
North America,,2013,9.569816
North America,,2014,9.66914
North America,,2015,9.90156
North America,,2016,10.614855
North America,,2017,11.289692
North America,,2018,11.086739
North America,,2019,11.363486
North America,,2020,12.787078
North America,,2021,12.696899
North America,,2022,13.350809
North America,,2023,13.364487
North America (EI),,2002,6.9412336
North America (EI),,2003,6.8775697
North America (EI),,2004,6.791637
North America (EI),,2005,7.060895
North America (EI),,2006,7.3783026
North America (EI),,2007,7.170048
North America (EI),,2008,7.8983126
North America (EI),,2009,8.531647
North America (EI),,2010,8.448078
North America (EI),,2011,9.475899
North America (EI),,2012,9.543391
North America (EI),,2013,9.712808
North America (EI),,2014,9.820933
North America (EI),,2015,10.063558
North America (EI),,2016,10.782495
North America (EI),,2017,11.461119
North America (EI),,2018,11.248511
North America (EI),,2019,11.52823
North America (EI),,2020,12.961127
North America (EI),,2021,12.859207
North America (EI),,2022,13.51827
North America (EI),,2023,13.540116
North Macedonia,MKD,2002,7.790694
North Macedonia,MKD,2003,12.461908
North Macedonia,MKD,2004,13.524395
North Macedonia,MKD,2005,13.111359
North Macedonia,MKD,2006,14.148089
North Macedonia,MKD,2007,8.686331
North Macedonia,MKD,2008,7.4698954
North Macedonia,MKD,2009,11.460457
North Macedonia,MKD,2010,19.919964
North Macedonia,MKD,2011,11.718409
North Macedonia,MKD,2012,9.136693
North Macedonia,MKD,2013,14.4492035
North Macedonia,MKD,2014,12.526905
North Macedonia,MKD,2015,18.581673
North Macedonia,MKD,2016,18.150696
North Macedonia,MKD,2017,11.816665
North Macedonia,MKD,2018,17.191957
North Macedonia,MKD,2019,11.507518
North Macedonia,MKD,2020,14.104891
North Macedonia,MKD,2021,15.087525
North Macedonia,MKD,2022,13.533761
North Macedonia,MKD,2023,16.805178
Norway,NOR,2002,69.676445
Norway,NOR,2003,64.09445
Norway,NOR,2004,64.82211
Norway,NOR,2005,70.054535
Norway,NOR,2006,67.06134
Norway,NOR,2007,68.991585
Norway,NOR,2008,70.4043
Norway,NOR,2009,68.66158
Norway,NOR,2010,65.90388
Norway,NOR,2011,66.96795
Norway,NOR,2012,70.38137
Norway,NOR,2013,68.14793
Norway,NOR,2014,69.13617
Norway,NOR,2015,68.88783
Norway,NOR,2016,70.25825
Norway,NOR,2017,70.08075
Norway,NOR,2018,69.32386
Norway,NOR,2019,67.99019
Norway,NOR,2020,72.0769
Norway,NOR,2021,72.32895
Norway,NOR,2022,70.73992
Norway,NOR,2023,72.0911
OECD (EI),,2002,7.0829606
OECD (EI),,2003,6.992728
OECD (EI),,2004,7.143683
OECD (EI),,2005,7.2956653
OECD (EI),,2006,7.588351
OECD (EI),,2007,7.6624713
OECD (EI),,2008,8.305095
OECD (EI),,2009,8.955171
OECD (EI),,2010,9.184233
OECD (EI),,2011,9.892215
OECD (EI),,2012,10.450385
OECD (EI),,2013,10.852429
OECD (EI),,2014,11.213822
OECD (EI),,2015,11.683494
OECD (EI),,2016,12.080385
OECD (EI),,2017,12.510446
OECD (EI),,2018,12.846677
OECD (EI),,2019,13.385312
OECD (EI),,2020,15.262736
OECD (EI),,2021,14.996354
OECD (EI),,2022,15.654585
OECD (EI),,2023,16.490988
Oceania,,2002,8.589448
Oceania,,2003,8.364993
Oceania,,2004,8.900089
Oceania,,2005,8.550485
Oceania,,2006,8.380762
Oceania,,2007,8.141012
Oceania,,2008,7.705099
Oceania,,2009,8.413787
Oceania,,2010,8.962871
Oceania,,2011,10.150544
Oceania,,2012,9.881492
Oceania,,2013,10.578268
Oceania,,2014,10.325296
Oceania,,2015,10.618407
Oceania,,2016,11.535695
Oceania,,2017,10.972186
Oceania,,2018,12.364857
Oceania,,2019,12.664663
Oceania,,2020,14.552285
Oceania,,2021,16.435673
Oceania,,2022,17.507853
Oceania,,2023,18.395723
Pakistan,PAK,2002,12.188603
Pakistan,PAK,2003,13.333744
Pakistan,PAK,2004,12.676343
Pakistan,PAK,2005,13.59751
Pakistan,PAK,2006,12.633493
Pakistan,PAK,2007,12.365368
Pakistan,PAK,2008,10.553453
Pakistan,PAK,2009,10.887298
Pakistan,PAK,2010,11.174603
Pakistan,PAK,2011,11.411278
Pakistan,PAK,2012,4.3177714
Pakistan,PAK,2013,11.522534
Pakistan,PAK,2014,11.4964
Pakistan,PAK,2015,11.174581
Pakistan,PAK,2016,18.06002
Pakistan,PAK,2017,9.591863
Pakistan,PAK,2018,9.339477
Pakistan,PAK,2019,10.928219
Pakistan,PAK,2020,11.878904
Pakistan,PAK,2021,10.295108
Pakistan,PAK,2022,10.746907
Pakistan,PAK,2023,12.158016
Peru,PER,2002,35.718193
Peru,PER,2003,36.943634
Peru,PER,2004,32.471977
Peru,PER,2005,32.167603
Peru,PER,2006,34.89119
Peru,PER,2007,31.920078
Peru,PER,2008,28.833765
Peru,PER,2009,29.686222
Peru,PER,2010,26.664782
Peru,PER,2011,25.767502
Peru,PER,2012,25.90535
Peru,PER,2013,26.089096
Peru,PER,2014,25.83989
Peru,PER,2015,25.96086
Peru,PER,2016,24.635092
Peru,PER,2017,28.8025
Peru,PER,2018,29.431831
Peru,PER,2019,29.259867
Peru,PER,2020,32.38074
Peru,PER,2021,29.827547
Peru,PER,2022,26.950771
Peru,PER,2023,26.3495
Philippines,PHL,2002,16.281395
Philippines,PHL,2003,16.082535
Philippines,PHL,2004,16.661371
Philippines,PHL,2005,16.062689
Philippines,PHL,2006,18.680275
Philippines,PHL,2007,16.622225
Philippines,PHL,2008,17.630617
Philippines,PHL,2009,17.189404
Philippines,PHL,2010,14.867264
Philippines,PHL,2011,16.133564
Philippines,PHL,2012,16.406023
Philippines,PHL,2013,14.824674
Philippines,PHL,2014,14.025786
Philippines,PHL,2015,13.544878
Philippines,PHL,2016,13.032715
Philippines,PHL,2017,12.544034
Philippines,PHL,2018,12.185793
Philippines,PHL,2019,11.25281
Philippines,PHL,2020,11.994339
Philippines,PHL,2021,12.277111
Philippines,PHL,2022,12.353065
Philippines,PHL,2023,11.991215
Poland,POL,2002,0.81965923
Poland,POL,2003,0.67546785
Poland,POL,2004,0.89124244
Poland,POL,2005,1.1357024
Poland,POL,2006,1.2500061
Poland,POL,2007,1.5729033
Poland,POL,2008,2.2196026
Poland,POL,2009,3.006513
Poland,POL,2010,3.4803138
Poland,POL,2011,4.07828
Poland,POL,2012,5.280956
Poland,POL,2013,5.21915
Poland,POL,2014,6.1203933
Poland,POL,2015,6.6168427
Poland,POL,2016,6.1215067
Poland,POL,2017,6.178931
Poland,POL,2018,5.8390436
Poland,POL,2019,6.975435
Poland,POL,2020,7.9619446
Poland,POL,2021,7.9004536
Poland,POL,2022,9.753634
Poland,POL,2023,12.153621
Portugal,PRT,2002,9.700443
Portugal,PRT,2003,16.955765
Portugal,PRT,2004,12.039919
Portugal,PRT,2005,8.080094
Portugal,PRT,2006,15.515364
Portugal,PRT,2007,16.120733
Portugal,PRT,2008,15.212746
Portugal,PRT,2009,18.914309
Portugal,PRT,2010,27.481777
Portugal,PRT,2011,24.613186
Portugal,PRT,2012,21.803562
Portugal,PRT,2013,29.319233
Portugal,PRT,2014,30.905666
Portugal,PRT,2015,24.606659
Portugal,PRT,2016,29.398247
Portugal,PRT,2017,21.441797
Portugal,PRT,2018,26.868528
Portugal,PRT,2019,26.366737
Portugal,PRT,2020,31.739735
Portugal,PRT,2021,33.30672
Portugal,PRT,2022,29.567095
Portugal,PRT,2023,36.04341
Romania,ROU,2002,10.6151085
Romania,ROU,2003,8.716783
Romania,ROU,2004,10.400996
Romania,ROU,2005,12.57037
Romania,ROU,2006,11.17296
Romania,ROU,2007,10.141548
Romania,ROU,2008,10.890498
Romania,ROU,2009,11.198948
Romania,ROU,2010,14.56034
Romania,ROU,2011,11.572445
Romania,ROU,2012,10.943061
Romania,ROU,2013,15.251155
Romania,ROU,2014,18.369642
Romania,ROU,2015,19.063501
Romania,ROU,2016,19.769327
Romania,ROU,2017,17.551455
Romania,ROU,2018,18.607594
Romania,ROU,2019,18.112833
Romania,ROU,2020,18.934402
Romania,ROU,2021,18.965462
Romania,ROU,2022,18.557348
Romania,ROU,2023,21.853575
Russia,RUS,2002,6.4927287
Russia,RUS,2003,6.075377
Russia,RUS,2004,6.7542715
Russia,RUS,2005,6.60369
Russia,RUS,2006,6.309633
Russia,RUS,2007,6.371351
Russia,RUS,2008,5.8674455
Russia,RUS,2009,6.4854555
Russia,RUS,2010,5.9321156
Russia,RUS,2011,5.585331
Russia,RUS,2012,5.530701
Russia,RUS,2013,6.162879
Russia,RUS,2014,5.856428
Russia,RUS,2015,5.736873
Russia,RUS,2016,6.1516156
Russia,RUS,2017,6.105612
Russia,RUS,2018,6.037737
Russia,RUS,2019,6.198256
Russia,RUS,2020,7.0554256
Russia,RUS,2021,6.949851
Russia,RUS,2022,6.2413483
Russia,RUS,2023,6.3073745
Saudi Arabia,SAU,2002,0
Saudi Arabia,SAU,2003,0
Saudi Arabia,SAU,2004,0
Saudi Arabia,SAU,2005,0
Saudi Arabia,SAU,2006,0
Saudi Arabia,SAU,2007,0
Saudi Arabia,SAU,2008,0.000080401885
Saudi Arabia,SAU,2009,0.00007712719
Saudi Arabia,SAU,2010,0.000463029
Saudi Arabia,SAU,2011,0.0005816572
Saudi Arabia,SAU,2012,0.0025898875
Saudi Arabia,SAU,2013,0.00423848
Saudi Arabia,SAU,2014,0.004239704
Saudi Arabia,SAU,2015,0.0040422482
Saudi Arabia,SAU,2016,0.0038626192
Saudi Arabia,SAU,2017,0.005842626
Saudi Arabia,SAU,2018,0.014015297
Saudi Arabia,SAU,2019,0.01887056
Saudi Arabia,SAU,2020,0.019380186
Saudi Arabia,SAU,2021,0.07336859
Saudi Arabia,SAU,2022,0.18877396
Saudi Arabia,SAU,2023,0.46517056
Slovakia,SVK,2002,7.0188084
Slovakia,SVK,2003,4.7456207
Slovakia,SVK,2004,5.5366516
Slovakia,SVK,2005,5.972091
Slovakia,SVK,2006,6.4822927
Slovakia,SVK,2007,7.1685276
Slovakia,SVK,2008,6.5313497
Slovakia,SVK,2009,7.7517376
Slovakia,SVK,2010,8.702348
Slovakia,SVK,2011,7.831032
Slovakia,SVK,2012,8.70284
Slovakia,SVK,2013,9.72592
Slovakia,SVK,2014,10.567541
Slovakia,SVK,2015,10.290093
Slovakia,SVK,2016,10.975567
Slovakia,SVK,2017,10.268712
Slovakia,SVK,2018,9.377256
Slovakia,SVK,2019,10.941603
Slovakia,SVK,2020,11.446592
Slovakia,SVK,2021,10.579658
Slovakia,SVK,2022,10.010985
Slovakia,SVK,2023,11.760023
Slovenia,SVN,2002,12.2197
Slovenia,SVN,2003,11.173246
Slovenia,SVN,2004,14.313093
Slovenia,SVN,2005,12.02858
Slovenia,SVN,2006,12.332751
Slovenia,SVN,2007,11.394596
Slovenia,SVN,2008,13.356625
Slovenia,SVN,2009,16.37066
Slovenia,SVN,2010,15.943668
Slovenia,SVN,2011,13.359873
Slovenia,SVN,2012,15.410497
Slovenia,SVN,2013,18.234604
Slovenia,SVN,2014,22.357998
Slovenia,SVN,2015,16.322464
Slovenia,SVN,2016,17.403463
Slovenia,SVN,2017,15.219537
Slovenia,SVN,2018,18.022463
Slovenia,SVN,2019,18.17371
Slovenia,SVN,2020,20.58059
Slovenia,SVN,2021,20.394213
Slovenia,SVN,2022,16.556498
Slovenia,SVN,2023,24.549088
South Africa,ZAF,2002,0.6958178
South Africa,ZAF,2003,0.34200898
South Africa,ZAF,2004,0.340497
South Africa,ZAF,2005,0.40440947
South Africa,ZAF,2006,0.73137957
South Africa,ZAF,2007,0.7601123
South Africa,ZAF,2008,0.3902271
South Africa,ZAF,2009,0.40872985
South Africa,ZAF,2010,0.32559687
South Africa,ZAF,2011,0.73007625
South Africa,ZAF,2012,0.3535202
South Africa,ZAF,2013,0.40839744
South Africa,ZAF,2014,0.8483203
South Africa,ZAF,2015,1.3551667
South Africa,ZAF,2016,1.5691502
South Africa,ZAF,2017,2.2865977
South Africa,ZAF,2018,2.4042408
South Africa,ZAF,2019,2.3171031
South Africa,ZAF,2020,2.7063918
South Africa,ZAF,2021,3.4062326
South Africa,ZAF,2022,3.808293
South Africa,ZAF,2023,3.9379861
South America,,2002,33.25963
South America,,2003,34.24368
South America,,2004,33.324173
South America,,2005,34.024952
South America,,2006,33.6301
South America,,2007,33.55043
South America,,2008,33.250134
South America,,2009,34.604366
South America,,2010,33.498505
South America,,2011,33.618538
South America,,2012,32.008015
South America,,2013,31.088167
South America,,2014,30.612907
South America,,2015,31.297716
South America,,2016,32.29321
South America,,2017,33.266926
South America,,2018,35.199318
South America,,2019,36.25211
South America,,2020,38.720524
South America,,2021,35.610306
South America,,2022,37.392487
South America,,2023,38.35464
South Korea,KOR,2002,0.4188234
South Korea,KOR,2003,0.5987888
South Korea,KOR,2004,0.5348952
South Korea,KOR,2005,0.45388284
South Korea,KOR,2006,0.45052037
South Korea,KOR,2007,0.50456274
South Korea,KOR,2008,0.52959335
South Korea,KOR,2009,0.5703038
South Korea,KOR,2010,0.66277707
South Korea,KOR,2011,0.7799186
South Korea,KOR,2012,0.85641724
South Korea,KOR,2013,1.1068002
South Korea,KOR,2014,1.3296236
South Korea,KOR,2015,1.5059777
South Korea,KOR,2016,1.697326
South Korea,KOR,2017,2.0170283
South Korea,KOR,2018,2.5112455
South Korea,KOR,2019,2.9624653
South Korea,KOR,2020,3.6470644
South Korea,KOR,2021,4.069307
South Korea,KOR,2022,4.6026564
South Korea,KOR,2023,4.7778306
South and Central America (EI),,2002,29.502895
South and Central America (EI),,2003,30.21403
South and Central America (EI),,2004,29.558262
South and Central America (EI),,2005,30.18911
South and Central America (EI),,2006,29.767609
South and Central America (EI),,2007,29.855719
South and Central America (EI),,2008,29.900002
South and Central America (EI),,2009,31.17696
South and Central America (EI),,2010,30.337381
South and Central America (EI),,2011,30.551847
South and Central America (EI),,2012,29.359827
South and Central America (EI),,2013,28.65641
South and Central America (EI),,2014,28.219778
South and Central America (EI),,2015,28.735928
South and Central America (EI),,2016,29.655588
South and Central America (EI),,2017,30.631504
South and Central America (EI),,2018,32.331036
South and Central America (EI),,2019,33.049026
South and Central America (EI),,2020,35.69697
South and Central America (EI),,2021,33.07789
South and Central America (EI),,2022,34.743507
South and Central America (EI),,2023,35.39018
Spain,ESP,2002,6.3488426
Spain,ESP,2003,9.698218
Spain,ESP,2004,8.444597
Spain,ESP,2005,6.800817
Spain,ESP,2006,8.364842
Spain,ESP,2007,9.3278475
Spain,ESP,2008,10.477875
Spain,ESP,2009,13.524963
Spain,ESP,2010,17.252142
Spain,ESP,2011,16.013664
Spain,ESP,2012,16.591034
Spain,ESP,2013,20.175394
Spain,ESP,2014,20.319185
Spain,ESP,2015,17.742815
Spain,ESP,2016,18.941141
Spain,ESP,2017,16.00793
Spain,ESP,2018,18.693235
Spain,ESP,2019,17.812366
Spain,ESP,2020,22.833883
Spain,ESP,2021,23.206352
Spain,ESP,2022,21.746628
Spain,ESP,2023,24.918743
Sri Lanka,LKA,2007,16.628572
Sweden,SWE,2002,32.206024
Sweden,SWE,2003,28.300158
Sweden,SWE,2004,30.319536
Sweden,SWE,2005,35.004883
Sweden,SWE,2006,32.864414
Sweden,SWE,2007,35.20214
Sweden,SWE,2008,37.133144
Sweden,SWE,2009,39.755516
Sweden,SWE,2010,38.4675
Sweden,SWE,2011,39.769398
Sweden,SWE,2012,43.459965
Sweden,SWE,2013,39.280052
Sweden,SWE,2014,40.778534
Sweden,SWE,2015,46.67754
Sweden,SWE,2016,41.982113
Sweden,SWE,2017,42.70394
Sweden,SWE,2018,42.643585
Sweden,SWE,2019,44.814293
Sweden,SWE,2020,52.19571
Sweden,SWE,2021,51.12024
Sweden,SWE,2022,53.49401
Sweden,SWE,2023,53.890182
Switzerland,CHE,2002,29.157335
Switzerland,CHE,2003,28.98333
Switzerland,CHE,2004,28.126806
Switzerland,CHE,2005,27.23591
Switzerland,CHE,2006,26.256657
Switzerland,CHE,2007,29.21831
Switzerland,CHE,2008,29.095587
Switzerland,CHE,2009,29.297272
Switzerland,CHE,2010,29.107452
Switzerland,CHE,2011,28.232935
Switzerland,CHE,2012,31.610807
Switzerland,CHE,2013,31.100544
Switzerland,CHE,2014,32.28236
Switzerland,CHE,2015,33.313087
Switzerland,CHE,2016,32.569138
Switzerland,CHE,2017,32.465992
Switzerland,CHE,2018,32.574883
Switzerland,CHE,2019,33.7412
Switzerland,CHE,2020,36.92606
Switzerland,CHE,2021,37.471905
Switzerland,CHE,2022,33.011185
Switzerland,CHE,2023,38.325344
Taiwan,TWN,2002,1.2102954
Taiwan,TWN,2003,1.2684549
Taiwan,TWN,2004,1.2759916
Taiwan,TWN,2005,1.47551
Taiwan,TWN,2006,1.4780668
Taiwan,TWN,2007,1.6003758
Taiwan,TWN,2008,1.5864115
Taiwan,TWN,2009,1.537331
Taiwan,TWN,2010,1.6071767
Taiwan,TWN,2011,1.6819066
Taiwan,TWN,2012,2.0682995
Taiwan,TWN,2013,2.0622258
Taiwan,TWN,2014,1.7704613
Taiwan,TWN,2015,1.8474195
Taiwan,TWN,2016,2.2776983
Taiwan,TWN,2017,2.1995304
Taiwan,TWN,2018,2.197746
Taiwan,TWN,2019,2.7456474
Taiwan,TWN,2020,2.810497
Taiwan,TWN,2021,3.0803084
Taiwan,TWN,2022,4.450351
Taiwan,TWN,2023,5.256892
Thailand,THA,2002,2.8190806
Thailand,THA,2003,2.7241347
Thailand,THA,2004,2.31644
Thailand,THA,2005,2.2147255
Thailand,THA,2006,2.8646533
Thailand,THA,2007,2.9673934
Thailand,THA,2008,2.983218
Thailand,THA,2009,3.0957634
Thailand,THA,2010,2.8453703
Thailand,THA,2011,3.5703893
Thailand,THA,2012,3.914373
Thailand,THA,2013,3.9144244
Thailand,THA,2014,4.358339
Thailand,THA,2015,4.308386
Thailand,THA,2016,4.739767
Thailand,THA,2017,5.4690447
Thailand,THA,2018,6.566889
Thailand,THA,2019,7.1565943
Thailand,THA,2020,7.181275
Thailand,THA,2021,7.2292643
Thailand,THA,2022,7.4562526
Thailand,THA,2023,7.842765
Trinidad and Tobago,TTO,2010,0.005239244
Trinidad and Tobago,TTO,2011,0.005274642
Trinidad and Tobago,TTO,2012,0.0075587654
Trinidad and Tobago,TTO,2013,0.0074258316
Trinidad and Tobago,TTO,2014,0.0073731267
Trinidad and Tobago,TTO,2015,0.0076000914
Trinidad and Tobago,TTO,2016,0.008553222
Trinidad and Tobago,TTO,2017,0.008039129
Trinidad and Tobago,TTO,2018,0.008528726
Trinidad and Tobago,TTO,2019,0.008446584
Trinidad and Tobago,TTO,2020,0.009700671
Trinidad and Tobago,TTO,2021,0.009454084
Trinidad and Tobago,TTO,2022,0.009423289
Trinidad and Tobago,TTO,2023,0.009916642
Turkey,TUR,2002,11.541792
Turkey,TUR,2003,11.340968
Turkey,TUR,2004,13.70488
Turkey,TUR,2005,11.425879
Turkey,TUR,2006,11.485484
Turkey,TUR,2007,8.79651
Turkey,TUR,2008,8.238272
Turkey,TUR,2009,8.941267
Turkey,TUR,2010,12.350974
Turkey,TUR,2011,12.007149
Turkey,TUR,2012,12.655518
Turkey,TUR,2013,13.686602
Turkey,TUR,2014,9.931703
Turkey,TUR,2015,14.269203
Turkey,TUR,2016,14.563656
Turkey,TUR,2017,13.09042
Turkey,TUR,2018,14.5953
Turkey,TUR,2019,19.008345
Turkey,TUR,2020,18.64845
Turkey,TUR,2021,16.09926
Turkey,TUR,2022,18.482664
Turkey,TUR,2023,18.701162
Ukraine,UKR,2002,1.8132339
Ukraine,UKR,2003,1.6885976
Ukraine,UKR,2004,2.1416073
Ukraine,UKR,2005,2.2117321
Ukraine,UKR,2006,2.263283
Ukraine,UKR,2007,1.8360311
Ukraine,UKR,2008,2.1330001
Ukraine,UKR,2009,2.5476246
Ukraine,UKR,2010,2.6100597
Ukraine,UKR,2011,2.0985289
Ukraine,UKR,2012,2.1388652
Ukraine,UKR,2013,3.0470593
Ukraine,UKR,2014,2.3241148
Ukraine,UKR,2015,1.9526479
Ukraine,UKR,2016,2.4077792
Ukraine,UKR,2017,3.02883
Ukraine,UKR,2018,3.4624233
Ukraine,UKR,2019,3.39375
Ukraine,UKR,2020,4.9567018
Ukraine,UKR,2021,6.1698413
Ukraine,UKR,2022,7.671234
Ukraine,UKR,2023,8.788312
United Kingdom,GBR,2002,1.2882673
United Kingdom,GBR,2003,1.2366321
United Kingdom,GBR,2004,1.6069714
United Kingdom,GBR,2005,1.9288653
United Kingdom,GBR,2006,2.121895
United Kingdom,GBR,2007,2.4230275
United Kingdom,GBR,2008,2.91075
United Kingdom,GBR,2009,3.5491805
United Kingdom,GBR,2010,3.6713443
United Kingdom,GBR,2011,4.9210544
United Kingdom,GBR,2012,5.4681044
United Kingdom,GBR,2013,6.9561815
United Kingdom,GBR,2014,8.871645
United Kingdom,GBR,2015,10.9549675
United Kingdom,GBR,2016,11.083126
United Kingdom,GBR,2017,12.93447
United Kingdom,GBR,2018,14.486315
United Kingdom,GBR,2019,16.16805
United Kingdom,GBR,2020,19.939514
United Kingdom,GBR,2021,18.11021
United Kingdom,GBR,2022,19.61384
United Kingdom,GBR,2023,20.520597
United States,USA,2002,4.0155954
United States,USA,2003,4.179569
United States,USA,2004,4.101272
United States,USA,2005,4.2188497
United States,USA,2006,4.6785374
United States,USA,2007,4.372536
United States,USA,2008,5.004221
United States,USA,2009,5.798852
United States,USA,2010,5.8401756
United States,USA,2011,6.8965087
United States,USA,2012,6.8864713
United States,USA,2013,7.1343727
United States,USA,2014,7.2629757
United States,USA,2015,7.468629
United States,USA,2016,8.28383
United States,USA,2017,9.080356
United States,USA,2018,8.962757
United States,USA,2019,9.312867
United States,USA,2020,10.519768
United States,USA,2021,10.502109
United States,USA,2022,11.292717
United States,USA,2023,11.655809
Upper-middle-income countries,,2002,9.202223
Upper-middle-income countries,,2003,8.501594
Upper-middle-income countries,,2004,8.677748
Upper-middle-income countries,,2005,8.537494
Upper-middle-income countries,,2006,8.452862
Upper-middle-income countries,,2007,8.445096
Upper-middle-income countries,,2008,9.177468
Upper-middle-income countries,,2009,9.176702
Upper-middle-income countries,,2010,9.531081
Upper-middle-income countries,,2011,9.151028
Upper-middle-income countries,,2012,9.766342
Upper-middle-income countries,,2013,10.077624
Upper-middle-income countries,,2014,10.703075
Upper-middle-income countries,,2015,11.197139
Upper-middle-income countries,,2016,11.882135
Upper-middle-income countries,,2017,12.284698
Upper-middle-income countries,,2018,12.887493
Upper-middle-income countries,,2019,13.519441
Upper-middle-income countries,,2020,14.319459
Upper-middle-income countries,,2021,14.628346
Upper-middle-income countries,,2022,15.384642
Upper-middle-income countries,,2023,15.658747
Uzbekistan,UZB,2002,2.954397
Uzbekistan,UZB,2003,3.7512069
Uzbekistan,UZB,2004,3.3663533
Uzbekistan,UZB,2005,3.5051875
Uzbekistan,UZB,2006,3.1717825
Uzbekistan,UZB,2007,3.276898
Uzbekistan,UZB,2008,2.3529656
Uzbekistan,UZB,2009,3.4526958
Uzbekistan,UZB,2010,4.3210754
Uzbekistan,UZB,2011,2.8693686
Uzbekistan,UZB,2012,3.2125452
Uzbekistan,UZB,2013,3.1400707
Uzbekistan,UZB,2014,2.9529066
Uzbekistan,UZB,2015,3.0095983
Uzbekistan,UZB,2016,3.5177083
Uzbekistan,UZB,2017,3.947353
Uzbekistan,UZB,2018,2.8922515
Uzbekistan,UZB,2019,3.1530242
Uzbekistan,UZB,2020,2.4348068
Uzbekistan,UZB,2021,2.3403997
Uzbekistan,UZB,2022,2.4339654
Uzbekistan,UZB,2023,3.2513921
Venezuela,VEN,2002,21.299461
Venezuela,VEN,2003,23.916454
Venezuela,VEN,2004,24.717348
Venezuela,VEN,2005,25.993856
Venezuela,VEN,2006,24.803205
Venezuela,VEN,2007,24.064661
Venezuela,VEN,2008,24.359007
Venezuela,VEN,2009,23.716719
Venezuela,VEN,2010,22.234074
Venezuela,VEN,2011,22.715034
Venezuela,VEN,2012,21.245789
Venezuela,VEN,2013,21.442986
Venezuela,VEN,2014,21.540855
Venezuela,VEN,2015,20.805126
Venezuela,VEN,2016,18.97061
Venezuela,VEN,2017,21.387169
Venezuela,VEN,2018,23.74739
Venezuela,VEN,2019,25.21792
Venezuela,VEN,2020,33.440247
Venezuela,VEN,2021,29.397217
Venezuela,VEN,2022,27.475101
Venezuela,VEN,2023,24.237406
Vietnam,VNM,2002,20.06266
Vietnam,VNM,2003,19.297657
Vietnam,VNM,2004,14.763953
Vietnam,VNM,2005,12.846748
Vietnam,VNM,2006,16.60724
Vietnam,VNM,2007,17.202272
Vietnam,VNM,2008,16.009518
Vietnam,VNM,2009,17.948017
Vietnam,VNM,2010,14.7117405
Vietnam,VNM,2011,19.027449
Vietnam,VNM,2012,23.463968
Vietnam,VNM,2013,23.956772
Vietnam,VNM,2014,23.184889
Vietnam,VNM,2015,18.355711
Vietnam,VNM,2016,19.14979
Vietnam,VNM,2017,23.902075
Vietnam,VNM,2018,20.55936
Vietnam,VNM,2019,15.799334
Vietnam,VNM,2020,18.540092
Vietnam,VNM,2021,23.503656
Vietnam,VNM,2022,27.49788
Vietnam,VNM,2023,22.754812
Western Africa (EI),,2002,11.809273
Western Africa (EI),,2003,10.583202
Western Africa (EI),,2004,11.762157
Western Africa (EI),,2005,11.003373
Western Africa (EI),,2006,10.950638
Western Africa (EI),,2007,9.16278
Western Africa (EI),,2008,9.841228
Western Africa (EI),,2009,10.236668
Western Africa (EI),,2010,10.912234
Western Africa (EI),,2011,10.084756
Western Africa (EI),,2012,9.786942
Western Africa (EI),,2013,9.337499
Western Africa (EI),,2014,9.446895
Western Africa (EI),,2015,7.3576255
Western Africa (EI),,2016,8.244503
Western Africa (EI),,2017,7.833715
Western Africa (EI),,2018,7.440964
Western Africa (EI),,2019,8.164477
Western Africa (EI),,2020,8.095408
Western Africa (EI),,2021,7.4288955
Western Africa (EI),,2022,7.8159766
Western Africa (EI),,2023,8.792076
World,OWID_WRL,2002,7.5668545
World,OWID_WRL,2003,7.3342075
World,OWID_WRL,2004,7.518
World,OWID_WRL,2005,7.5638204
World,OWID_WRL,2006,7.705343
World,OWID_WRL,2007,7.7473364
World,OWID_WRL,2008,8.245706
World,OWID_WRL,2009,8.564856
World,OWID_WRL,2010,8.797048
World,OWID_WRL,2011,8.980997
World,OWID_WRL,2012,9.414955
World,OWID_WRL,2013,9.847355
World,OWID_WRL,2014,10.218171
World,OWID_WRL,2015,10.504495
World,OWID_WRL,2016,10.980251
World,OWID_WRL,2017,11.337292
World,OWID_WRL,2018,11.743186
World,OWID_WRL,2019,12.228147
World,OWID_WRL,2020,13.404395
World,OWID_WRL,2021,13.469198
World,OWID_WRL,2022,14.119935
World,OWID_WRL,2023,14.562141